Search Query,Name,Phone,Website,Email,Address,City,Category
"Auto body shop in Palmer, MA",Baldyga Inc,14132839515.0,http://baldautobody.com/,HARLEY@HFVISUALS.COM,"1360 Park St, Palmer, MA 01069","Palmer, MA",Auto body shop
"Auto body shop in Palmer, MA",Complete Auto Repair,14135960120.0,,mail@dmvct.org,"543 Wilbraham St, Palmer, MA 01069","Palmer, MA",Auto body shop
"Auto body shop in Palmer, MA",O'Connor Auto Body,14132833751.0,,,"45 Commercial St, Thorndike, MA 01079","Palmer, MA",Auto body shop
"Auto body shop in Palmer, MA",Demore's Automotive,14132132479.0,http://www.demoresautomotive.com/,,"1307 Park St, Palmer, MA 01069","Palmer, MA",Auto body shop
"Auto body shop in Palmer, MA",Trackside Truck Auto and Equipment,14132834846.0,http://tracksidetruckandauto.com/,,"1237 Park St, Palmer, MA 01069","Palmer, MA",Auto body shop
"Auto body shop in Palmer, MA",NESCO SALES INC,14132836403.0,http://nescosalesautobody.com/,,"89 1/2 State St, Bondsville, MA 01009","Palmer, MA",Auto body shop
"Auto body shop in Palmer, MA",Les's Auto Center,14132834488.0,,cheryl@freewayinsurance.com,"1575 N Main St, Palmer, MA 01069","Palmer, MA",Auto body shop
"Auto body shop in Palmer, MA",Kopec's Auto & Truck Service,14132831600.0,http://www.facebook.com/kopecsauto,kopecsautoandtruck@gmail.com,"1219 Thorndike St, Palmer, MA 01069","Palmer, MA",Auto body shop
"Auto repair shop in Palmer, MA",Main Street Tire & Auto,14132836663.0,http://www.mainstreettires.com/,,"1515 Park St, Palmer, MA 01069","Palmer, MA",Auto repair shop
"Auto repair shop in Palmer, MA",A Plus Transmission & Auto Repair,14132839971.0,,,"1132 Thorndike St, Palmer, MA 01069","Palmer, MA",Auto repair shop
"Auto repair shop in Palmer, MA",Cruz Automotive Inc.,14133060010.0,,,"320 Wilbraham St, Palmer, MA 01069","Palmer, MA",Auto repair shop
"Warehouse in Palmer, MA",Maple Leaf Distribution Services,14132832971.0,https://sulco-lancer.com/about-sulco-lancer-warehousing-logistics/maple-leaf-distribution-services/,,"14 3rd St, Palmer, MA 01069","Palmer, MA",Warehouse
"Warehouse in Palmer, MA",Quantix Gibbs Railyard,,,,"401 Palmer Rd, Ware, MA 01082","Palmer, MA",Warehouse
"Warehouse in Palmer, MA",KSM Enterprises - Warehouse 1/Createk,,,,"6 Chamber Rd, Palmer, MA 01069","Palmer, MA",Warehouse
"Warehouse in Palmer, MA",Palmer Package Store Inc,14132836261.0,,,"1615 N Main St, Palmer, MA 01069","Palmer, MA",Warehouse
"Warehouse in Palmer, MA",Bakers Self Storage,14132833571.0,,,"1700 Park St, Palmer, MA 01069","Palmer, MA",Warehouse
"Warehouse in Palmer, MA",Apple Self Storage,14132835408.0,https://www.appleselfstorage.net/,aom_labonte@yahoo.com,"1207 S Main St, Palmer, MA 01069","Palmer, MA",Warehouse
"Auto body shop in Springfield, MA",Mass Collision Auto Body,14132858106.0,,,"586 Berkshire Ave, Springfield, MA 01109","Springfield, MA",Auto body shop
"Auto body shop in Springfield, MA",Mastroianni's Auto Body,14137339477.0,http://www.mastroautobody.com/,mastroianni387@comcast.net,"387 Taylor St, Springfield, MA 01105","Springfield, MA",Auto body shop
"Auto body shop in Springfield, MA",Balise Collision Repair,14137328702.0,https://balisecollision.com/springfield-ma/?utm_source=GMBlisting&utm_medium=organic,dicky@mediaresults.com,"292 Main St, Springfield, MA 01105","Springfield, MA",Auto body shop
"Auto body shop in Springfield, MA",Rick's Auto Body,14135433368.0,http://www.ricksauto-body.com/,domain.operations@web.com,"375 Pasco Rd, Springfield, MA 01119","Springfield, MA",Auto body shop
"Auto body shop in Springfield, MA",Oliver Auto Body,14137365481.0,https://www.vivecollision.com/shop/oliverautobodyspringfield/,info@oliverautobodyco.com,"1060 Bay St, Springfield, MA 01109","Springfield, MA",Auto body shop
"Auto body shop in Springfield, MA",The Body Shop,14137337769.0,,,"33 Stafford St, Springfield, MA 01104","Springfield, MA",Auto body shop
"Auto body shop in Springfield, MA",George's Auto Body Inc,14137339193.0,,,"15 Austin St, Springfield, MA 01109","Springfield, MA",Auto body shop
"Auto body shop in Springfield, MA",AUTO WERKS,14137834200.0,,,"420 Pasco Rd, Springfield, MA 01119","Springfield, MA",Auto body shop
"Auto repair shop in Springfield, MA","Spartan Auto Care Center (Springfield, MA)",14137812480.0,http://spartanautocarema.com/,,"631 State St, Springfield, MA 01109","Springfield, MA",Auto repair shop
"Auto repair shop in Springfield, MA",NJB Auto Repair,14133061433.0,http://njbautorepair.com/,filler@godaddy.com,"45 Glenoak Dr, Springfield, MA 01129","Springfield, MA",Auto repair shop
"Auto repair shop in Springfield, MA",Bing's Foreign Auto Service,14137398641.0,http://www.bingsforeignauto.com/,domain.operations@web.com,"512 St James Ave, Springfield, MA 01109","Springfield, MA",Auto repair shop
"Auto repair shop in Springfield, MA",Precision Auto Repair,14133630306.0,https://www.precisionautorepair.biz/,mail@dmvct.org,"12 South Blvd, West Springfield, MA 01089","Springfield, MA",Auto repair shop
"Auto repair shop in Springfield, MA",Lyndale Garage,14137323750.0,http://www.lyndalegarage.net/,,"87 Warehouse St, Springfield, MA 01118","Springfield, MA",Auto repair shop
"Auto repair shop in Springfield, MA",Mike's Auto Service & Repair,14134205330.0,http://www.mikesautoservicerepair.com/,info@mikesautoservicerepair.com,"173 River St, West Springfield, MA 01089","Springfield, MA",Auto repair shop
"Auto repair shop in Springfield, MA","Tech Auto Service, Inc.",14137816233.0,https://www.techautoserviceinc.com/,mail@dmvct.org,"341 Page Blvd, Springfield, MA 01104","Springfield, MA",Auto repair shop
"Auto repair shop in Springfield, MA",BOSTON RD SERVICE,14137837161.0,,,"381 Boston Rd, Springfield, MA 01109","Springfield, MA",Auto repair shop
"Warehouse in Springfield, MA",Sulco Warehousing & Logistics,14137394880.0,https://sulco-lancer.com/,tamalfa@sulco-lancer.com,"311-315 Industry Ave, Springfield, MA 01104","Springfield, MA",Warehouse
"Warehouse in Springfield, MA",Big Y Distribution Center,14135044000.0,https://www.bigy.com/,,"151 Cottage St, Springfield, MA 01104","Springfield, MA",Warehouse
"Warehouse in Springfield, MA",Smithfield,,,ricrb@doa.ri.gov,"20 Carando Dr, Springfield, MA 01104","Springfield, MA",Warehouse
"Warehouse in Springfield, MA","Falvey Linen Supply, Inc",18003384334.0,http://www.falveylinen.com/,orders@falveylinen.com,"100 Brookdale Dr, Springfield, MA 01104","Springfield, MA",Warehouse
"Warehouse in Springfield, MA",Sulco Warehouse,14135363687.0,,,"11 Berkshire St, Holyoke, MA 01040","Springfield, MA",Warehouse
"Warehouse in Springfield, MA",Friendly Mfg & Retail,,,,"100 Brookdale Dr, Springfield, MA 01104","Springfield, MA",Warehouse
"Warehouse in Springfield, MA",Pioneer Cold Logistic Services,14137361976.0,https://www.pioneercold.com/,sales@pioneercold.com,"149 Plainfield St, Chicopee, MA 01013","Springfield, MA",Warehouse
"Auto body shop in Worcester, MA",Franchi Brothers Auto Body,15087520401.0,https://franchibrothers.com/,,"258 Shrewsbury St, Worcester, MA 01604","Worcester, MA",Auto body shop
"Auto body shop in Worcester, MA",Central Auto Body,15087989727.0,http://www.centralautobodyworcester.com/,mike@centralauto.us,"551 Park Ave, Worcester, MA 01603","Worcester, MA",Auto body shop
"Auto body shop in Worcester, MA",Extreme Auto Repair & Body Shop LLC,15087531428.0,https://www.extremeautoworcester.com/,extremeautoworcester.com@wix-domains.com,"16 S Cambridge St, Worcester, MA 01610","Worcester, MA",Auto body shop
"Auto body shop in Worcester, MA",Siro Auto Body,15083732149.0,https://www.siroautobody.com/,siroautobody@gmail.com,"69F Armory St, Worcester, MA 01603","Worcester, MA",Auto body shop
"Auto body shop in Worcester, MA","Advanced Auto Body, Inc.",15087923790.0,http://advanced.repair/,mail@advanced.repair,"254 Park Ave, Worcester, MA 01609","Worcester, MA",Auto body shop
"Auto body shop in Worcester, MA",Harris Auto Body Inc,15087997065.0,https://www.harriscollisioncenterinc.com/,alex@harriscollisioncenterinc.com,"421 Park Ave, Worcester, MA 01610","Worcester, MA",Auto body shop
"Auto body shop in Worcester, MA",E&C Auto Body,15087990014.0,https://worcesterautobody.com/,abuse-tracker@hostinger.com,"16 De Marco Terrace, Worcester, MA 01604","Worcester, MA",Auto body shop
"Auto body shop in Worcester, MA",Thomas Waldron CARSTAR Auto Body,15087527728.0,https://www.carstar.com/locations/ma/worcester-15211/,"bobwaldron@macarstar.com, esther@imagemakers-inc.com, michaelg@imagemakers-inc.com","225 Grafton St, Worcester, MA 01604","Worcester, MA",Auto body shop
"Auto repair shop in Worcester, MA",Premier Auto Repair,15086259218.0,https://mypremierrepair.com/?utm_campaign=gmb,,"616 W Boylston St, Worcester, MA 01606","Worcester, MA",Auto repair shop
"Auto repair shop in Worcester, MA",Phil's Auto Repair,15087982172.0,https://philsautorepairs.com/,abuse-complaints@squarespace.com,"101 Chandler St, Worcester, MA 01609","Worcester, MA",Auto repair shop
"Auto repair shop in Worcester, MA",Linder's Auto Repair,15087134157.0,https://lindersautorepair.com/,,"211-A Granite St, Worcester, MA 01607","Worcester, MA",Auto repair shop
"Auto repair shop in Worcester, MA",Star-Tech Auto Repair,15087922233.0,,,"311 Shrewsbury St, Worcester, MA 01604","Worcester, MA",Auto repair shop
"Auto repair shop in Worcester, MA",McFee Auto Center,15088525760.0,https://www.mcfeeautocenter.com/en,mcfeeautocenter.com@wix-domains.com,"82 W Boylston St, Worcester, MA 01606","Worcester, MA",Auto repair shop
"Auto repair shop in Worcester, MA",East Side Auto Repair,15087989100.0,http://www.frankseastsideauto.com/,esa235@aol.com,"235 Shrewsbury St, Worcester, MA 01604","Worcester, MA",Auto repair shop
"Auto repair shop in Worcester, MA",Moran & Son Auto Repair Inc,15087520879.0,https://www.moranandsonsautorepair.com/,bbbmoran@aol.com,"378 Belmont St, Worcester, MA 01604","Worcester, MA",Auto repair shop
"Auto repair shop in Worcester, MA",Greasy's Garage,15087547327.0,http://www.greasysgarage.com/,shop@greasysgarage.com,"143 Hamilton St, Worcester, MA 01604","Worcester, MA",Auto repair shop
"Warehouse in Worcester, MA",T.J. Maxx Distribution Center,+15083901000,http://www.tjx.com/,abusecomplaints@markmonitor.com,"135 Goddard Memorial Dr, Worcester, MA 01603","Worcester, MA",Warehouse
"Warehouse in Worcester, MA",Amazon Fulfillment Center DTB2,N/A,N/A,N/A,"125 Goddard Memorial Dr, Worcester, MA 01603","Worcester, MA",Warehouse
"Warehouse in Worcester, MA",Amazon,N/A,N/A,N/A,"7 Neponset St, Worcester, MA 01606","Worcester, MA",Warehouse
"Warehouse in Worcester, MA",Polar Beverages,N/A,N/A,N/A,"60 Webster Pl, Worcester, MA 01603","Worcester, MA",Warehouse
"Warehouse in Worcester, MA",Sam's Club Fulfillment Center,N/A,N/A,N/A,"1 Tobias Boland Way, Worcester, MA 01607","Worcester, MA",Warehouse
"Warehouse in Worcester, MA",Regency Warehouse District Inc,+15085203595,N/A,N/A,"66 Atlas St, Worcester, MA 01604","Worcester, MA",Warehouse
"Warehouse in Worcester, MA",A & D Cold Storage,+15085203595,N/A,N/A,"66 Atlas St, Worcester, MA 01604","Worcester, MA",Warehouse
"Warehouse in Worcester, MA",Polar beverages,+15087544426,http://www.adcold.com/,sales@adcold.com,"512 Southbridge St, Worcester, MA 01610","Worcester, MA",Warehouse
